date,open,high,low,close,volume
2025-04-30,16.63,16.81,16.35,16.35,15299.0
2025-05-06,16.53,16.53,16.29,16.43,11778.0
2025-05-07,16.57,16.99,16.57,16.85,23729.0
2025-05-08,16.74,16.8,16.61,16.77,11348.0
2025-05-09,16.79,17.04,16.76,16.89,26168.0
2025-05-12,16.9,17.05,16.71,16.79,12067.0
2025-05-13,16.86,16.88,16.62,16.64,9729.0
2025-05-14,16.62,16.76,16.47,16.62,9629.0
2025-05-15,16.58,16.84,16.51,16.76,8608.0
2025-05-16,16.76,17.06,16.56,16.89,14733.0
2025-05-19,16.88,17.5,16.83,17.24,32974.0
2025-05-20,17.35,17.66,17.24,17.45,33001.0
2025-05-21,17.44,17.63,17.26,17.33,23914.0
2025-05-22,17.33,17.54,16.85,17.09,12982.0
2025-05-23,17.11,17.12,16.8,16.81,10929.0
2025-05-26,16.81,17.2,16.73,16.97,8539.0
2025-05-27,16.97,17.27,16.97,17.14,10089.0
2025-05-28,17.14,17.38,17.14,17.31,15745.0
2025-05-29,17.32,17.62,17.14,17.6,22485.0
2025-05-30,17.56,17.85,17.48,17.77,21992.0
2025-06-03,17.78,18.36,17.62,18.29,32003.0
2025-06-04,18.33,19.04,18.04,18.8,63928.0
2025-06-05,18.71,19.2,17.46,17.5,98360.0
2025-06-06,17.45,17.64,16.79,16.83,65564.0
2025-06-09,16.81,16.88,16.69,16.85,24414.0
2025-06-10,16.71,16.81,16.45,16.6,21298.0
2025-06-11,16.58,16.67,16.56,16.64,11766.0
2025-06-12,16.63,16.67,16.51,16.59,13309.0
2025-06-13,16.61,16.64,16.21,16.23,14699.0
2025-06-16,16.16,16.37,16.16,16.36,9713.0
2025-06-17,16.38,16.51,16.33,16.49,8431.0
2025-06-18,16.49,16.49,16.27,16.36,5856.0
2025-06-19,16.32,16.52,16.16,16.24,11817.0
2025-06-20,16.17,16.38,16.07,16.34,5662.0
2025-06-23,16.33,16.38,16.16,16.33,5339.0
2025-06-24,16.33,16.51,16.28,16.5,8737.0
2025-06-25,16.51,16.73,16.42,16.7,15119.0
2025-06-26,16.62,16.7,16.46,16.5,8894.0
2025-06-27,16.46,16.61,16.42,16.45,6483.0
2025-06-30,16.46,16.52,16.37,16.51,6323.0
2025-07-01,16.51,16.59,16.48,16.54,4537.0
2025-07-02,16.54,16.85,16.46,16.62,13437.0
2025-07-03,16.59,16.8,16.53,16.66,15469.0
2025-07-04,16.66,16.85,16.62,16.77,13793.0
2025-07-07,16.8,17.08,16.8,16.9,12183.0
2025-07-08,16.98,17.09,16.84,16.86,10454.0
2025-07-09,16.86,16.97,16.81,16.86,8014.0
2025-07-10,16.92,16.92,16.81,16.86,5882.0
2025-07-11,16.86,16.94,16.76,16.88,7751.0
2025-07-14,16.88,17.1,16.8,16.99,9587.0
2025-07-15,16.99,16.99,16.63,16.75,10628.0
2025-07-16,16.78,16.96,16.7,16.95,8933.0
2025-07-17,16.88,17.19,16.88,17.13,12281.0
2025-07-18,17.05,17.29,17.03,17.14,9668.0
2025-07-21,17.13,17.31,16.94,17.21,17034.0
2025-07-22,17.18,17.22,17.11,17.17,7973.0
2025-07-23,17.17,17.31,17.09,17.1,10063.0
2025-07-24,17.1,17.27,17.07,17.24,9636.0
2025-07-25,17.24,17.38,17.17,17.26,8903.0
2025-07-28,17.3,17.56,17.22,17.45,12125.0
2025-07-29,17.71,17.82,17.24,17.35,16393.0
2025-07-30,17.34,17.5,17.23,17.41,10885.0
2025-07-31,17.41,17.49,17.28,17.45,11709.0
2025-08-01,17.45,18.0,17.42,17.92,27657.0
2025-08-04,17.93,18.18,17.57,17.77,23579.0
2025-08-05,17.63,17.93,17.56,17.73,19693.0
2025-08-06,17.6,17.97,17.51,17.89,14437.0
2025-08-07,18.09,18.15,17.76,18.1,17310.0
2025-08-08,18.0,18.35,17.97,18.25,21522.0
2025-08-11,18.3,18.43,18.19,18.25,16082.0
2025-08-12,18.24,18.35,18.15,18.18,13162.0
2025-08-13,18.15,18.82,17.96,18.67,65901.0
2025-08-14,18.67,18.92,17.8,17.83,68151.0
2025-08-15,17.82,18.33,17.77,18.05,24578.0
2025-08-18,18.25,18.3,17.98,18.05,20575.0
2025-08-19,18.05,18.23,18.0,18.12,15431.0
2025-08-20,18.3,18.5,17.9,18.15,31052.0
2025-08-21,18.13,18.25,17.85,18.02,21659.0
2025-08-22,17.99,18.08,17.63,17.74,20695.0
2025-08-25,17.79,17.88,17.68,17.84,14878.0
2025-08-26,17.85,17.93,17.64,17.7,18145.0
2025-08-27,17.7,17.77,17.2,17.2,27180.0
2025-08-28,17.23,17.47,16.85,17.43,22152.0
2025-08-29,17.35,17.51,17.2,17.51,13478.0
2025-09-01,17.48,17.49,17.21,17.37,9565.0
2025-09-02,17.35,17.44,17.13,17.27,10754.0
2025-09-03,17.31,17.4,16.96,17.01,9729.0
2025-09-04,16.91,17.4,16.91,17.3,17408.0
2025-09-05,17.3,17.43,17.03,17.23,11524.0
2025-09-08,17.2,17.42,17.16,17.4,8521.0
2025-09-09,17.28,17.4,17.18,17.33,8858.0
2025-09-10,17.32,17.4,17.23,17.36,7490.0
2025-09-11,17.3,17.36,17.13,17.24,10138.0
2025-09-12,17.23,17.28,17.16,17.26,7275.0
2025-09-15,17.18,17.33,17.13,17.18,5854.0
2025-09-16,17.15,17.47,17.13,17.42,12656.0
2025-09-17,17.46,17.63,17.26,17.32,13838.0
2025-09-18,17.32,17.38,17.18,17.37,11044.0
2025-09-19,17.35,17.37,17.15,17.24,7713.0
2025-09-22,17.25,17.25,17.03,17.2,6614.0
2025-09-23,18.1,18.19,16.76,16.93,16896.0
2025-09-24,16.76,17.13,16.75,17.03,9606.0
2025-09-25,17.01,17.18,16.81,17.13,8003.0
2025-09-26,17.17,17.45,16.96,17.32,15102.0
2025-09-29,17.33,17.35,17.14,17.19,6904.0
2025-09-30,17.33,17.33,17.02,17.05,15149.0
2025-10-09,17.07,17.12,16.83,17.05,10271.0
2025-10-10,17.03,17.35,16.96,17.3,11712.0
2025-10-13,17.2,17.64,16.97,17.59,17933.0
2025-10-14,17.68,17.96,17.48,17.59,32946.0
2025-10-15,17.57,17.66,17.4,17.65,12811.0
2025-10-16,17.69,17.99,17.55,17.82,45693.0
2025-10-17,17.82,18.09,17.54,17.7,50955.0
2025-10-20,17.69,17.75,16.78,17.1,41732.0
2025-10-21,17.09,17.21,16.85,17.1,22816.0
2025-10-22,17.07,17.14,16.85,16.89,18269.0
2025-10-23,16.85,16.94,16.7,16.88,11313.0
2025-10-24,16.93,17.18,16.78,17.1,19060.0
2025-10-27,17.07,17.14,16.95,17.09,9466.0
2025-10-28,17.0,17.08,16.9,16.94,8395.0
2025-10-29,16.94,17.16,16.81,17.0,9644.0
2025-10-30,17.09,17.1,16.81,16.81,8313.0
2025-10-31,16.82,17.05,16.8,16.93,9985.0
2025-11-03,16.92,17.16,16.92,16.99,9213.0
2025-11-04,16.99,17.03,16.85,17.0,8337.0
2025-11-05,16.9,17.36,16.89,17.12,14838.0
2025-11-06,17.16,17.2,16.91,17.02,6999.0
2025-11-07,17.02,17.1,16.96,16.96,10275.0
2025-11-10,16.99,17.4,16.88,17.39,23353.0
2025-11-11,17.32,17.56,17.26,17.52,14238.0
2025-11-12,17.51,17.72,17.48,17.48,15315.0
2025-11-13,17.48,17.85,17.35,17.69,22110.0
2025-11-14,17.95,19.46,17.8,18.73,140561.0
2025-11-17,19.0,20.5,18.4,19.55,143178.0
2025-11-18,19.74,20.19,19.0,19.11,86044.0
2025-11-19,19.0,21.02,19.0,21.02,96822.0
2025-11-20,22.28,22.28,18.92,19.05,175470.0
2025-11-21,18.8,20.96,18.78,20.96,81506.0
2025-11-24,21.5,23.06,21.28,21.63,232848.0
2025-11-25,21.09,21.62,20.02,21.4,183886.0
2025-11-26,20.88,20.96,20.0,20.23,135890.0
2025-11-27,20.13,20.16,19.07,19.08,102899.0
2025-11-28,19.08,19.68,18.86,19.42,88385.0
2025-12-01,19.37,19.8,19.21,19.77,90005.0
2025-12-02,19.55,20.3,19.13,20.12,112818.0
2025-12-03,20.44,22.13,20.26,20.3,171177.0
2025-12-04,20.21,21.22,19.5,19.5,137683.0
2025-12-05,19.16,20.46,18.93,20.35,109441.0
2025-12-08,20.12,20.82,19.85,20.7,118133.0
2025-12-09,20.75,22.0,20.44,21.4,147575.0
2025-12-10,22.2,22.2,20.77,20.85,128255.0
2025-12-11,20.85,21.01,19.79,19.86,85392.0
2025-12-12,19.93,20.08,19.26,19.26,75310.0
2025-12-15,19.03,21.19,19.02,21.19,122996.0
2025-12-16,21.4,23.26,21.39,21.67,195531.0
2025-12-17,21.78,22.26,21.04,21.25,115664.0
2025-12-18,21.25,21.43,20.64,20.67,92092.0
2025-12-19,20.67,21.72,20.26,21.18,127825.0
2025-12-22,21.13,21.19,20.5,20.58,78018.0
2025-12-23,20.99,21.58,20.33,20.74,95471.0
2025-12-24,20.44,21.35,20.44,20.82,82322.0
2025-12-25,20.7,21.67,20.7,21.0,79482.0
2025-12-26,20.97,21.34,20.71,20.9,79060.0
2025-12-29,20.56,20.91,19.6,19.82,81892.0
2025-12-30,19.88,19.99,19.53,19.71,39044.0
2025-12-31,19.68,19.8,19.43,19.62,29971.0
2026-01-05,19.5,19.68,19.4,19.5,31253.0
2026-01-06,19.54,19.77,19.45,19.69,30978.0
2026-01-07,19.7,20.12,19.6,19.97,46017.0
2026-01-08,19.77,20.35,19.4,19.85,58354.0
2026-01-09,19.7,19.85,19.6,19.61,39304.0
2026-01-12,19.5,19.9,19.45,19.87,44999.0
2026-01-13,19.71,20.06,19.47,19.5,50247.0
2026-01-14,19.44,19.65,19.03,19.42,43187.0
2026-01-15,19.45,19.61,19.32,19.57,25399.0
2026-01-16,19.68,19.68,19.32,19.48,23284.0
2026-01-19,19.55,20.17,19.49,19.96,47543.0
2026-01-20,19.99,20.06,19.73,19.87,27020.0
2026-01-21,19.65,19.72,18.34,18.53,63363.0
2026-01-22,18.58,18.78,18.5,18.68,25280.0
2026-01-23,18.69,18.99,18.69,18.94,25464.0
2026-01-26,18.94,18.99,18.35,18.77,21204.0
2026-01-27,18.71,18.85,18.15,18.44,21825.0
2026-01-28,18.32,18.5,18.11,18.15,18865.0
2026-01-29,18.02,18.37,18.02,18.31,17239.0
2026-01-30,18.31,18.45,18.1,18.36,18307.0
2026-02-02,18.2,18.6,18.16,18.2,15088.0
2026-02-03,18.23,18.45,18.13,18.41,13795.0
2026-02-04,19.02,19.02,18.43,18.6,19327.0
2026-02-05,18.6,18.97,18.4,18.83,23994.0
2026-02-06,18.72,18.83,18.49,18.63,13580.0
2026-02-09,18.62,18.74,18.52,18.67,12214.0
2026-02-10,18.64,18.65,18.44,18.5,13495.0
2026-02-11,18.49,18.61,18.34,18.59,12068.0
2026-02-12,19.3,19.3,18.25,18.25,21705.0
2026-02-13,18.47,18.5,18.04,18.05,14339.0
2026-02-24,18.09,18.17,17.96,18.02,15469.0
2026-02-25,18.01,18.24,18.01,18.23,11432.0
2026-02-26,18.25,18.25,18.08,18.22,10024.0
2026-02-27,18.1,18.32,18.1,18.27,10740.0
2026-03-02,18.0,18.23,17.81,17.88,14342.0
2026-03-03,17.88,18.15,17.54,17.55,15347.0
2026-03-04,17.43,17.61,17.38,17.5,11487.0
2026-03-05,17.6,17.67,17.43,17.45,10085.0
2026-03-06,17.44,17.9,17.11,17.88,11282.0
2026-03-09,17.88,17.96,17.73,17.85,14378.0
2026-03-10,17.85,18.1,17.73,17.83,13235.0
2026-03-11,17.9,17.9,17.46,17.47,15239.0
2026-03-12,17.44,17.58,17.32,17.46,9752.0
2026-03-13,17.53,17.58,17.25,17.27,11216.0
2026-03-16,17.27,17.57,17.21,17.57,10981.0
2026-03-17,17.61,17.61,17.22,17.23,8718.0
2026-03-18,17.26,17.33,17.16,17.31,6878.0
2026-03-19,17.18,17.3,16.85,16.85,11521.0
2026-03-20,16.85,17.06,16.64,16.67,9483.0
2026-03-23,16.6,16.6,15.5,15.61,22149.0
2026-03-24,15.93,16.11,15.75,16.1,12254.0
2026-03-25,16.2,16.32,16.1,16.22,12004.0
2026-03-26,16.14,16.41,16.02,16.09,10882.0
2026-03-27,15.98,16.3,15.89,16.3,8604.0
2026-03-30,16.14,16.5,16.14,16.36,9499.0
2026-03-31,16.5,16.55,16.22,16.25,7155.0
2026-04-01,16.35,16.5,16.29,16.41,8264.0
2026-04-02,16.41,16.54,16.2,16.28,8654.0
2026-04-03,16.28,16.46,15.74,15.8,8938.0
2026-04-07,15.96,16.09,15.71,16.06,9275.0
2026-04-08,16.22,16.48,16.07,16.48,9503.0
2026-04-09,16.35,16.44,16.1,16.13,9727.0
2026-04-10,16.21,16.36,16.18,16.31,7924.0
2026-04-13,16.21,16.35,16.13,16.3,6316.0
2026-04-14,16.5,16.5,16.25,16.4,10350.0
2026-04-15,16.33,16.45,16.2,16.25,7187.0
2026-04-16,16.24,16.29,16.01,16.2,7817.0
2026-04-17,16.12,16.19,16.02,16.09,9438.0
2026-04-20,16.0,16.4,16.0,16.16,8685.0
2026-04-21,16.19,16.25,15.89,15.98,9517.0
2026-04-22,15.97,15.97,15.74,15.78,9298.0
2026-04-23,15.78,15.96,15.71,15.8,9109.0
2026-04-24,15.74,15.9,15.53,15.83,13082.0
2026-04-27,15.82,16.06,15.53,16.03,16689.0
2026-04-28,15.8,16.02,15.55,15.68,15992.0
2026-04-29,15.59,15.9,15.59,15.83,11680.0
2026-04-30,15.84,16.12,15.77,16.1,13650.0
2026-05-06,16.07,16.25,15.97,16.18,14843.0
2026-05-07,16.22,16.29,15.92,15.95,12378.0
2026-05-08,15.92,16.1,15.74,16.05,15198.0
2026-05-11,16.11,16.49,16.02,16.4,24025.0
2026-05-12,16.35,16.66,16.12,16.36,24699.0
2026-05-13,16.4,16.58,16.22,16.5,20518.0
2026-05-14,16.49,16.55,16.28,16.35,16015.0
2026-05-15,16.35,16.59,16.09,16.53,17905.0
2026-05-18,16.33,16.64,16.33,16.53,27013.0
2026-05-19,16.47,16.79,16.4,16.73,20637.0
2026-05-20,16.61,16.95,16.61,16.88,28049.0
2026-05-21,17.16,17.18,16.57,16.71,32841.0
2026-05-22,16.88,16.99,16.5,16.96,20500.0
2026-05-25,16.96,17.15,16.83,17.14,18897.0
2026-05-26,17.17,17.2,15.43,15.68,47000.0
2026-05-27,15.44,15.69,14.4,14.56,48937.0
2026-05-28,14.6,15.2,14.11,14.35,26061.0
2026-05-29,14.47,14.59,14.23,14.35,17336.0
2026-06-01,14.21,14.64,14.16,14.54,14152.0
2026-06-02,14.45,14.53,13.92,14.07,16232.0
2026-06-03,13.93,14.14,13.66,13.83,13062.0
2026-06-04,13.86,13.9,13.31,13.45,13858.0
2026-06-05,13.59,13.6,13.26,13.49,12345.0
2026-06-08,13.4,13.56,13.09,13.24,10175.0
2026-06-09,13.25,13.38,13.1,13.16,7352.0
2026-06-10,13.17,13.27,12.83,13.04,9710.0
2026-06-11,13.06,13.12,12.69,12.91,8089.0
2026-06-12,12.91,13.61,12.8,13.55,14968.0
2026-06-15,13.49,14.33,13.44,14.3,24798.0
2026-06-16,14.06,14.33,13.43,13.72,26701.0
2026-06-17,13.69,13.69,12.72,12.75,23865.0
2026-06-18,12.76,12.76,12.5,12.54,12935.0
2026-06-22,12.63,12.63,12.17,12.57,13794.0
2026-06-23,12.48,12.9,12.38,12.75,9508.0
2026-06-24,12.76,12.82,12.38,12.67,8926.0
2026-06-25,12.69,12.76,12.4,12.69,11682.0
2026-06-26,12.68,12.79,12.3,12.4,12131.0
2026-06-29,12.32,12.4,11.93,12.26,17090.0
2026-06-30,12.25,12.29,11.83,11.94,11545.0
2026-07-01,11.9,12.39,11.83,12.31,11733.0
2026-07-02,12.3,12.53,12.13,12.25,10494.0
2026-07-03,12.25,12.49,12.16,12.3,14897.0
2026-07-06,12.3,12.47,12.03,12.18,13872.0
2026-07-07,12.13,12.14,11.81,11.88,11229.0
2026-07-08,12.4,12.4,11.79,11.98,11976.0
2026-07-09,11.91,12.04,11.68,11.8,11216.0
2026-07-10,11.77,12.04,11.68,11.88,14906.0
2026-07-13,11.76,11.95,11.65,11.81,13385.0
2026-07-14,11.78,12.01,11.67,12.0,12427.0
2026-07-15,11.9,12.41,11.9,12.36,16342.0
2026-07-16,12.36,12.63,12.2,12.59,10904.0
2026-07-17,12.59,12.78,12.19,12.28,11720.0
2026-07-20,12.4,12.42,11.71,11.92,17019.0
2026-07-21,11.92,12.0,11.63,11.78,15064.0
2026-07-22,11.75,12.05,11.54,11.63,12600.0
2026-07-23,11.53,11.79,11.52,11.75,8674.0
2026-07-24,11.68,11.78,11.42,11.42,8146.0
2026-07-27,11.42,11.76,11.32,11.67,9613.0
2026-07-28,11.67,11.9,11.54,11.84,12945.0
2026-07-29,11.83,13.02,11.77,13.02,36686.0
2026-07-30,13.06,13.31,12.42,12.5,64433.0
2026-07-31,12.44,12.93,12.4,12.69,35233.0
2026-08-03,12.7,13.0,12.63,12.87,16888.0
